mutation,proportion,count,jaccard
"ORF8:F120L",0.003125,1,0.00047551117451260106
"ORF8:S54A",0.003115264797507788,1,0.002849002849002849
"ORF8:G77C",0.003105590062111801,1,0.002036659877800407
"ORF8:G8R",0.003105590062111801,1,0.0009794319294809011
"ORF8:K2N",0.003105590062111801,1,0.002976190476190476
"ORF8:S67F",0.0030959752321981426,1,0.00011873664212776063
"ORF8:I121-",0.003115264797507788,1,0.00004623422257154746
"ORF7a:P99L",0.0030864197530864196,1,0.0005583472920156337
"ORF7a:P34L",0.006134969325153374,2,0.0005339028296849973
"ORF7a:T11K",0.006134969325153374,2,0.002911208151382824
"ORF7a:C113F",0.006134969325153374,2,0.005434782608695652
"ORF7a:H47Y",0.9969230769230769,324,0.00456344455555712
"ORF9b:P10S",1,323,0.00019637072848068636
"ORF9b:D16G",1,323,0.0003778666095772222
"ORF9b:M26-",0.940625,301,0.0017156764952320153
"ORF9b:E27-",0.9587301587301588,302,0.000166609199365561
"ORF9b:N28-",0.9617834394904459,302,0.00016668580057754975
"ORF9b:A29V",0.003205128205128205,1,0.0015220700152207
"ORF9b:A29I",0.9583333333333334,299,0.0018990999917430436
"ORF9b:V30L",0.86875,278,0.0017703285296721072
"ORF9b:A29-",0.003205128205128205,1,6.088980710718007e-7
"ORF9b:A29S",0.003205128205128205,1,0.0009407337723424271
"ORF9b:M26I",0.003125,1,0.0009182736455463728
"ORF9b:A29F",0.003205128205128205,1,0.0029239766081871343
"ORF9b:E27V",0.0031746031746031746,1,0.00008100445524503848
"ORF9b:V76A",0.0030959752321981426,1,0.00012124151309408342
"S:T19I",0.9968847352024922,320,0.00017078981751107998
"S:L24-",0.9968553459119497,317,0.00016914280348060673
"S:P25-",1,317,0.00016908488274470102
"S:P26-",1,317,0.00016911555233566184
"S:R346T",0.9877300613496932,322,0.0007790385406333922
"S:A27S",1,317,0.0001700511494545757
"S:G142D",1,314,0.0001687695677295387
"S:S371F",1,321,0.00017486155431766407
"S:S373P",1,321,0.00017315092611471978
"S:V635I",0.0030581039755351682,1,0.002688172043010753
"S:S375F",1,321,0.00017376326298176677
"S:A783E",0.0030864197530864196,1,0.002932551319648094
"S:T376A",1,321,0.00017493006884397382
"S:D405N",1,324,0.00017465855330967177
"S:R408S",0.9969040247678018,322,0.00018218605156431055
"S:K417N",1,324,0.00018155735867664857
"S:N440K",1,326,0.00018613436046003735
"S:S477N",1,324,0.00017543441676719853
"S:T478K",1,325,0.00017603717038393977
"S:E484A",1,324,0.00017590407364517216
"S:Q498R",1,322,0.0001758411706434804
"S:N501Y",0.9968944099378882,321,0.00017476977756870739
"S:I434V",0.003067484662576687,1,0.0015527950310559005
"S:Y505H",1,324,0.00017639257583247495
"S:D614G",0.9938837920489296,325,0.000169619259562351
"S:H655Y",1,327,0.00017101785959904419
"S:N679K",1,327,0.00017101079407580956
"S:P681H",1,327,0.00017140179411027792
"S:N764K",1,323,0.0001741048423785201
"S:D796Y",0.9969040247678018,322,0.00017057984964604682
"S:L216F",0.006329113924050633,2,0.001451378809869376
"S:A771D",0.0030864197530864196,1,0.0029498525073746312
"S:T1076I",0.003067484662576687,1,0.0021141649048625794
"S:E1202Q",0.003067484662576687,1,0.0006640106241699867
"S:D627Y",0.0030581039755351682,1,0.002638522427440633
"S:Y380S",0.003076923076923077,1,0.003048780487804878
"S:V83F",0.01875,6,0.007407407407407408
"S:S691F",0.009259259259259259,3,0.002640845070422535
"S:P812S",0.015432098765432098,5,0.00427715996578272
"S:P1162Q",0.003067484662576687,1,0.0027472527472527475
"S:Q14H",0.024844720496894408,8,0.005792903692976104
"S:A626V",0.021406727828746176,7,0.011570247933884297
"S:N394D",0.003076923076923077,1,0.002857142857142857
"S:C1243F",0.9969325153374233,325,0.1846590909090909
"S:S1021F",0.003076923076923077,1,0.0027247956403269754
"S:L223F",0.0031446540880503146,1,0.0030581039755351682
"S:E1258D",0.003067484662576687,1,0.0017513134851138354
"S:A892-",0.0030864197530864196,1,0.000017213777907837433
"S:A893-",0.0030864197530864196,1,0.000017213777907837433
"S:H69-",1,317,0.00018489010412170784
"S:V70-",1,317,0.00018567698296574758
"S:V213G",1,315,0.0001700873114865631
"S:G339D",0.9847094801223242,322,0.0001822351308584067
"S:L452R",1,326,0.0001954566520913562
"S:F486V",1,324,0.0001928198413997292
"S:Q954H",1,323,0.00017492041933244302
"S:N969K",0.9969230769230769,324,0.0001751306858690617
"S:R1091H",0.003076923076923077,1,0.0018315018315018315
"S:A879S",0.0030864197530864196,1,0.0010111223458038423
"S:E340K",0.0030581039755351682,1,0.0019267822736030828
"S:I670V",0.0030581039755351682,1,0.0006313131313131314
"S:F318S",0.012461059190031152,4,0.012195121951219513
"S:R319K",0.006230529595015576,2,0.006097560975609756
"S:A771S",0.0030864197530864196,1,0.0016501650165016502
"S:M177R",0.0031847133757961785,1,0.0029940119760479044
"S:L5F",0.003134796238244514,1,0.000038448229459033414
"E:T9I",1,327,0.00017622227934626383
"E:C43F",0.0030581039755351682,1,0.002702702702702703
"E:V24M",0.0030959752321981426,1,0.002061855670103093
"ORF6:I14T",0.0030864197530864196,1,0.00234192037470726
"ORF6:W27*",0.0030959752321981426,1,0.0027397260273972603
"ORF6:K42N",0.003076923076923077,1,0.001851851851851852
"ORF1b:T730I",0.003115264797507788,1,0.00028208744710860365
"ORF1b:A1225S",0.0030864197530864196,1,0.0026954177897574125
"ORF1b:V691I",0.003134796238244514,1,0.0015772870662460567
"ORF1b:Y710F",0.003105590062111801,1,0.002932551319648094
"ORF1b:P2612L",0.003289473684210526,1,0.00048123195380173246
"ORF1b:F685Y",0.009404388714733543,3,0.00012555978738542668
"ORF1b:K429R",0.009287925696594427,3,0.005964214711729622
"ORF1b:M2260V",0.003115264797507788,1,0.0026109660574412533
"ORF1b:S1273L",0.0030864197530864196,1,0.00005274539796402764
"ORF1b:G662V",0.003125,1,0.0005534034311012728
"ORF1b:A517S",0.0030959752321981426,1,0.001941747572815534
"ORF1b:V2061L",0.0030864197530864196,1,0.0013315579227696406
"ORF1b:S672*",0.003105590062111801,1,0.0029585798816568047
"ORF1b:V578I",0.0030864197530864196,1,0.0025188916876574307
"ORF1b:T1424I",0.0030864197530864196,1,0.001160092807424594
"ORF1b:N498I",0.0030959752321981426,1,0.0003456619426201175
"ORF1b:P1594L",0.003125,1,0.001201923076923077
"ORF1b:V1905I",0.006172839506172839,2,0.004576659038901602
"ORF1b:P2313S",0.003105590062111801,1,0.0007147962830593281
"ORF1b:L1220P",0.0030864197530864196,1,0.001218026796589525
"ORF1b:M1677I",0.003105590062111801,1,0.0009569377990430622
"ORF1b:P314L",1,324,0.00017321405086719293
"ORF1b:A2168V",0.0031446540880503146,1,0.0022727272727272726
"ORF1b:R1315C",1,324,0.00017314545982143574
"ORF1b:I1566V",1,320,0.00017564361033245494
"ORF1b:T2163I",1,318,0.00017885666719161285
"ORF1b:K1812R",0.006172839506172839,2,0.004975124378109453
"ORF1b:P2531S",0.006493506493506494,2,0.0014044943820224719
"ORF1b:T797I",0.003105590062111801,1,0.001001001001001001
"ORF1b:L238F",1,324,0.14204296361245067
"ORF1b:W2485R",0.0032258064516129032,1,0.0030581039755351682
"ORF1b:F2330S",0.003105590062111801,1,0.0027548209366391185
"ORF1a:A4285V",0.0030959752321981426,1,0.0007385524372230429
"ORF1a:E1048G",0.0030959752321981426,1,0.0030581039755351682
"ORF1a:T3255I",1,323,0.00017404414470773786
"ORF1a:A656V",0.003076923076923077,1,0.0002915451895043732
"ORF1a:Q44H",0.003067484662576687,1,0.002976190476190476
"ORF1a:D2958G",0.0030864197530864196,1,0.0028328611898017
"ORF1a:A1824V",0.003067484662576687,1,0.0011933174224343676
"ORF1a:S135R",1,326,0.00017579165561228341
"ORF1a:D2506G",0.04,13,0.02927927927927928
"ORF1a:T842I",0.9814814814814815,318,0.0001717866841550553
"ORF1a:G1307S",0.9938650306748467,324,0.00017416676790558012
"ORF1a:L3027F",1,322,0.00017630156547029813
"ORF1a:T3090I",1,313,0.0001703438442197381
"ORF1a:P3395H",1,324,0.00017356172771057618
"ORF1a:L580F",0.0030864197530864196,1,0.0005091649694501018
"ORF1a:S3675-",1,323,0.00017716327048882254
"ORF1a:G3676-",1,323,0.00017738753739966347
"ORF1a:F3677-",1,321,0.0001764762152943854
"ORF1a:K2810R",0.006153846153846154,2,0.0049261083743842365
"ORF1a:N1109D",0.009230769230769232,3,0.008595988538681949
"ORF1a:S2360N",0.003115264797507788,1,0.0026666666666666666
"ORF1a:I1203V",0.024844720496894408,8,0.015037593984962405
"ORF1a:N1651T",0.009259259259259259,3,0.00909090909090909
"ORF1a:S3013F",0.0030959752321981426,1,0.0025
"ORF1a:Y2353C",0.0030959752321981426,1,0.002890173410404624
"ORF1a:L3041F",0.0030959752321981426,1,0.0027247956403269754
"ORF1a:Q1799R",0.006134969325153374,2,0.002886002886002886
"ORF1a:E670A",0.034055727554179564,11,0.03197674418604651
"ORF1a:T1437A",0.003134796238244514,1,0.0028653295128939827
"ORF1a:G82-",0.003076923076923077,1,0.000020859842716785915
"ORF1a:H83-",0.003076923076923077,1,0.000020269996351400657
"ORF1a:V84-",0.006153846153846154,2,0.000027875341472933043
"ORF1a:M85-",0.006153846153846154,2,0.000027884669008978864
"ORF1a:V3005I",0.003076923076923077,1,0.00234192037470726
"ORF1a:T2166N",0.0030959752321981426,1,0.0024937655860349127
"ORF1a:V86-",0.003076923076923077,1,0.000028007281893292256
"ORF1a:E1687D",0.003076923076923077,1,0.0018018018018018018
"ORF1a:E775K",0.0030864197530864196,1,0.002457002457002457
"ORF1a:I2138M",0.003076923076923077,1,0.0017985611510791368
"ORF1a:E1210K",0.006230529595015576,2,0.00303951367781155
"ORF1a:K492-",0.003076923076923077,1,0.0030211480362537764
"ORF1a:V751M",0.003076923076923077,1,0.0025252525252525255
"ORF1a:R226K",0.003067484662576687,1,0.000946969696969697
"ORF1a:S2900P",0.003076923076923077,1,0.002577319587628866
"ORF1a:T1001I",0.003067484662576687,1,0.00041135335252982314
"ORF1a:V274L",1,326,0.314975845410628
"ORF1a:P959T",0.003076923076923077,1,0.0026954177897574125
"ORF1a:I2490T",0.003076923076923077,1,0.002331002331002331
"ORF1a:P2144S",0.006153846153846154,2,0.0029282576866764276
"ORF1a:L578M",0.003076923076923077,1,0.002680965147453083
"ORF1a:K141-",0.003067484662576687,1,0.000007003438688396003
"ORF1a:A498V",0.006172839506172839,2,0.0005323396326856535
"ORF1a:H1613Y",0.003105590062111801,1,0.0022522522522522522
"ORF1a:S142-",0.003067484662576687,1,0.000007005253940455342
"ORF1a:M2096K",0.003076923076923077,1,0.0024509803921568627
"ORF1a:F143-",0.003067484662576687,1,0.000007010115596806191
"ORF1a:W4193C",0.0030959752321981426,1,0.0028011204481792717
"ORF1a:P1803S",0.003067484662576687,1,0.0005931198102016608
"ORF1a:A2994V",0.003076923076923077,1,0.0004472271914132379
"ORF1a:P80S",0.006153846153846154,2,0.0035714285714285713
"ORF1a:V3647I",0.006153846153846154,2,0.004889975550122249
"ORF1a:P309S",0.0030864197530864196,1,0.0003551136363636364
"ORF1a:E1499Q",0.003076923076923077,1,0.003048780487804878
"ORF1a:L2234S",0.003134796238244514,1,0.002717391304347826
"ORF1a:P4337S",0.0030959752321981426,1,0.001326259946949602
"ORF1a:S610L",0.003076923076923077,1,0.0004175365344467641
"ORF1a:T1844I",0.04923076923076923,16,0.023323615160349854
"ORF1a:R1628C",0.003105590062111801,1,0.0008169934640522876
"ORF1a:K399R",0.0030864197530864196,1,0.0012836970474967907
"ORF1a:G4178C",0.0030959752321981426,1,0.0017035775127768314
"ORF1a:T3058I",0.003115264797507788,1,0.0013003901170351106
"ORF1a:V561I",0.003076923076923077,1,0.001876172607879925
"ORF1a:T882I",0.003067484662576687,1,0.0003671071953010279
"ORF1a:T551N",0.003076923076923077,1,0.00267379679144385
"ORF1a:N2147D",0.009259259259259259,3,0.005319148936170213
"ORF1a:T1171I",0.009259259259259259,3,0.004021447721179625
"ORF1a:A1739T",0.003067484662576687,1,0.0029069767441860465
"ORF1a:V4216I",0.0030959752321981426,1,0.001215066828675577
"ORF1a:D264N",0.003067484662576687,1,0.002531645569620253
"ORF1a:R207C",0.003067484662576687,1,0.00018148820326678765
"ORF1a:L2062F",0.006289308176100629,2,0.0009564801530368245
"ORF1a:S2488F",0.003076923076923077,1,0.0007178750897343862
"ORF1a:S1515P",0.003076923076923077,1,0.00303951367781155
"ORF1a:H325R",0.009259259259259259,3,0.008356545961002786
"ORF1a:E1209D",0.003115264797507788,1,0.0014970059880239522
"ORF1a:K2901T",0.03076923076923077,10,0.029850746268656716
"ORF1a:S2048A",0.0031545741324921135,1,0.0029069767441860465
"ORF1a:V559M",0.003076923076923077,1,0.0022988505747126436
"ORF1a:S2578F",0.0030959752321981426,1,0.002136752136752137
"ORF1a:V3976I",0.003125,1,0.001088139281828074
"ORF1a:L3829I",0.006230529595015576,2,0.005390835579514825
"ORF1a:L27F",0.003105590062111801,1,0.0006009615384615385
"ORF1a:P971S",0.003067484662576687,1,0.0004219409282700422
"M:V70I",0.0030581039755351682,1,0.0018867924528301887
"M:D3N",1,326,0.000221376554728902
"M:Q19E",1,326,0.0001816770350753709
"M:A63T",1,327,0.00017646430294441753
"M:C159F",0.003215434083601286,1,0.0030581039755351682
"M:S94T",0.0030581039755351682,1,0.0027548209366391185
"M:V23L",0.0030581039755351682,1,0.0011904761904761906
"N:S33C",0.00625,2,0.0018885741265344666
"N:P142S",0.0030581039755351682,1,0.00047961630695443646
"N:R32F",0.0031847133757961785,1,0.002976190476190476
"N:P13L",1,323,0.00017548692187789478
"N:G30-",0.9495268138801262,301,0.0015238423101651927
"N:S412N",0.0030581039755351682,1,0.00117096018735363
"N:E31-",0.9617834394904459,302,0.00016669858963057495
"N:R32-",0.9617834394904459,302,0.00016678162817527093
"N:S33F",0.86875,278,0.0018039531231749575
"N:R203K",1,326,0.0001783534692211698
"N:R195I",0.0030581039755351682,1,0.0015748031496062992
"N:G204R",1,326,0.00017829279724444655
"N:S413R",1,326,0.0001787600196087678
"N:A208V",0.0030581039755351682,1,0.0006944444444444445
"N:R32L",0.0031847133757961785,1,0.0029585798816568047
"N:S33-",0.003125,1,6.145303236915574e-7
"N:P151L",0.0030581039755351682,1,0.0004918839153959665
"N:E378Q",0.0030581039755351682,1,0.0009363295880149813
"N:A119S",0.0030864197530864196,1,0.0012300123001230013
"ORF3a:K75N",0.003076923076923077,1,0.0014619883040935672
"ORF3a:T223I",1,326,0.00017442893251633533
"ORF3a:T268M",0.003067484662576687,1,0.000725689404934688
"ORF3a:V97I",0.003067484662576687,1,0.00042444821731748726
"ORF3a:A98V",0.018404907975460124,6,0.009584664536741214
"ORF3a:L15F",0.0061162079510703364,2,0.0013236267372600927
"ORF3a:G11E",0.0030581039755351682,1,0.0020491803278688526
"ORF3a:A110S",0.003067484662576687,1,0.0007668711656441718
"ORF3a:D155A",0.0061162079510703364,2,0.0058823529411764705
"ORF3a:D27Y",0.003067484662576687,1,0.0008525149190110827
"ORF3a:T89I",0.003067484662576687,1,0.000273000273000273
"ORF3a:G76S",0.003076923076923077,1,0.0013351134846461949
"ORF3a:D27H",0.003067484662576687,1,0.0005458515283842794
"ORF3a:R134L",0.003105590062111801,1,0.0022123893805309734